Info,Price,Location
Prima vera concert tickets,€225,Leixlip
Ellie Goulding,€89,Finglas
Pussycat Dolls Tickets,€40,Finglas
Snoop Dogg I Wanna Thank Me STANDING tickets x2,€120,Ballyboughal
Picture This Ticket,€45,Balbriggan
Fontaines DC | 3 Jul 2021 | Iveagh Gardens,€50,Donaghmede
"Nathaniel Rateliff Tickets (October 30th, Olympia Theatre, Dublin)",€120,Waterford City
Lewis Capaldi tickets,€100,Citywest
dermot kennedy,€40,Ballymun
Westlife Gold Circle Tickets Cork,€500,Athlone
JLS beat again,€100,Mallow
stormzy,€67,Ballyboden
My Chemical Romance Dublin,€158,Dublin 1
The Chainsmokers 2 tickets,€110,Templeogue
Nick Cave & The Bad Seeds Tickets x2,€140,Clonee
2 Dermot Kennedy Tickets,€80,Ballybough
Pussycat Dolls Concert Tickets,€60,Headford Road
Harry styles concert 3 tickets needed !!!,€300,Inchicore
Simple Minds,€100,Tallaght
Dermot kennedy ticket Cork 2021,€57,Limerick City
bon ivor x2 standing,€110,Baldoyle
Pixies Tickets,€120,Dublin 2
x2 Social House Tickets Standing,€60,Lecarrow
Van Morrison tickets x 2,€230,Waterford City
electric picnic 2021 tickets (6 tickets included),"€1,950",Cashel
The Killers Tickets,€77,Ennis
Manchester Calling,€25,Ashtown
Westlife tickets Hardcopy,€140,Swords
Paul weller ticket swap,€120,Drogheda
LOOKING.Harry Styles Tickets,€150,Ballycullen
Looking for an ian brown ticket for the 31st October,€1,Drogheda
Looking for 2 Dermot Kennedy tickets for malahide park,"€10,000",Dunshaughlin
"Stormzy Ticket, Standing, 3 Arena",€70,Athlone
Westlife Seated Tickets for Sale x2,€130,Kilteel
Looking Lewis capaldi malahide,€100,Blanchardstown
Tickets,€170,Rathfarnham
Longitude Sat&Sun,€150,Limerick City
Andrea Bocelli tickets x2,€340,Adamstown
2 VIP camping tickets for Indie 2020,€378,Mitchelstown
Longitude 2020 Saturday Ticket,€100,Sligo
longitude,€150,Blanchardstown
westlife tickets,€170,Castlebar
Westlife x2 seating tickets - Cork,€190,Ranelagh
westlife tickets,€159,Castleblayney
SATURDAY longitude ticket,€90,Monkstown
Rolling Loud Portugal 2020,€350,Dublin 2
King Kong Company,€61,Grand Canal Dock
Longitude,€198,Dungarvan
sziget,€900,Clondalkin
Westlife Tickets Cork,€90,Kinnegad
Retro Music Festival Ireland 2020 tix,€80,Mallow
3 standing tickets Westlife,€280,Naas
Ozzy Osbourne + Judas Priest,€70,Drogheda
Bon Iver,€100,Rathcoole
All Together Now 2020 - weekend camping,€189,Cork City Centre
Andrea Bocelli,€170,Baldoyle
Longitude Sunday ticket,€100,Monkstown
Stormzy,€66,Clondalkin
2 Harry Styles tickets,€20,Cavan
Tickets,€79,Fermoy
